const castPascalCaseToSnakeCase = (pascalCaseString) => {
    return pascalCaseString.split(/(?=[A-Z])/).join('_').toLowerCase();
}

const castSnakeCaseToPascalCase = (snakeCaseString) => {
    const words = snakeCaseString.split('_');
    return words.map(word => word[0].toUpperCase() + word.substr(1)).join('');
}


const castPasalCaseToCamelCase = (CamelString) => {
  return CamelString.replace(/\W+(.)/g, function(match, chr)
       {
            return chr.toUpperCase();
        });
   
}

module.exports = {castPascalCaseToSnakeCase};


const testCastPasalCaseToCamelCase = () => {
    castPasalCaseToCamelCase("esto es un ejemplo") === "estoEsUnEjemplo" ? console.log("Test 1 paso") : console.log("Test 1 fallo")
    console.log(castPasalCaseToCamelCase("esto es un ejemplo"))
}

const testCastPascalCaseToSnakeCase = () => {
    executeTest("EstoEsUnEjemplo","esto_es_un_ejemplo",castPascalCaseToSnakeCase);
     executeTest("otroEjemplo","otro_ejemplo",castPascalCaseToSnakeCase);
      executeTest("otroejemplo","otroejemplo",castPascalCaseToSnakeCase);
    //castPascalCaseToSnakeCase("EstoEsUnEjemplo") === "esto_es_un_ejemplo" ? console.log("Test 1 pass") : console.log("Test 1 fail")
    //castPascalCaseToSnakeCase("otroEjemplo") === "otro_ejemplo" ? console.log("Test 2 pass") : console.log("Test 2 fail")
    //castPascalCaseToSnakeCase("otroejemplo") === "otroejemplo" ? console.log("Test 3 pass") : console.log("Test 3 fail")
}


const testCastSnakeCaseToPascalCase = () => {
    castSnakeCaseToPascalCase("esto_es_un_ejemplo") === "EstoEsUnEjemplo" ? console.log("Test 1 pass") : console.log("Test 1 fail")
    castSnakeCaseToPascalCase("otro_ejemplo") === "OtroEjemplo" ? console.log("Test 2 pass") : console.log("Test 2 fail")
    castSnakeCaseToPascalCase("otroejemplo") === "Otroejemplo" ? console.log("Test 3 pass") : console.log("Test 3 fail")
}


const testCastPascalCaseToSnakeCase2 = () => {
const pascalCaseString = "EstoEsUnEjemplo";
const expectedSnakeCaseString = "Esto_es_un_ejemplo";
const actualSnakeCaseString = castPascalCaseToSnakeCase(pascalCaseString);
if (actualSnakeCaseString !== expectedSnakeCaseString) {
console.log(`Test fail expected output: ${expectedSnakeCaseString} actual output: ${actualSnakeCaseString}`)
} else {
console.log("El test paso exitosamente")
}
}

const executeTest = (input, expectedOutput, functionToExecute) => {
    const actualOutput = functionToExecute(input)

    if (actualOutput !== expectedOutput) {
        console.log(`Test fail. Expected output: ${expectedOutput}  actual output: ${actualOutput}`)
    } else {
        console.log("Test pass")
    }
}




testCastPascalCaseToSnakeCase();
//executeTest();
//testCastPascalCaseToSnakeCase2();
//testCastPasalCaseToCamelCase();
//testCastSnakeCaseToPascalCase();